idx,word,occurrences
0,brush,498
1,hard,495
2,white,495
3,container,492
4,feet,482
5,included,480
6,oz,476
7,length,475
8,capsule,472
9,comes,469
10,smell,468
11,When,464
12,shoe,462
13,bag,462
14,around,459
15,could,458
16,Ive,458
17,sure,455
18,products,455
19,width,454
20,regular,450
21,strips,443
22,list,443
23,power,439
24,pads,437
25,soy,436
26,read,432
27,protein,430
28,tried,429
29,device,426
30,Any,424
31,actually,424
32,serving,420
33,skin,420
34,blades,419
35,case,415
36,brace,413
37,bed,411
38,thanks,409
39,listed,409
40,floor,407
41,cover,400
42,version,395
43,else,394
44,bottom,393
45,shower,393
46,Could,392
47,Amazon,392
48,Please,389
49,taste,386
50,left,386
51,ones,386
52,correct,384
53,give,383
54,support,382
55,stay,381
56,Anyone,381
57,heat,380
58,gel,379
59,another,375
60,able,375
61,getting,368
62,warranty,367
63,whats,366
64,place,366
65,blade,364
66,pill,364
67,etc,364
68,pair,362
69,ordered,361
70,lot,361
71,mop,360
72,medium,357
73,measure,355
74,year,354
75,available,354
76,test,353
77,diameter,351
78,black,351
79,shipped,350
80,reviews,348
81,turn,347
82,shows,347
83,strap,346
84,received,346
85,tablets,344
86,sugar,344
87,easy,344
88,area,344
89,legs,343
90,brand,343
91,glass,342
92,scale,342
93,compare,341
94,USA,341
95,socks,340
96,weigh,340
97,cut,338
98,front,338
99,purchased,337
100,got,337
101,ingredient,337
102,include,336
103,cord,335
104,Also,335
105,think,335
106,bags,333
107,So,331
108,actual,331
109,works,328
110,And,328
111,replace,323
112,shaver,322
113,night,321
114,sizes,320
115,said,320
116,leg,319
117,wondering,318
118,kit,318
119,teeth,317
120,dry,317
121,voltage,315
122,cold,313
123,liquid,313
124,instructions,312
125,show,311
126,hot,311
127,normal,311
128,blue,310
129,number,310
130,people,309
131,inch,309
132,face,309
133,original,307
134,look,306
135,supposed,304
136,first,303
137,days,303
138,little,303
139,oils,302
140,part,302
141,open,301
142,person,301
143,total,301
144,phone,300
145,tub,300
146,x,300
147,organic,299
148,servings,298
149,material,298
150,heads,297
151,packaging,297
152,floors,297
153,body,297
154,gelatin,296
155,compatible,296
156,soft,296
157,China,294
158,watch,294
159,full,293
160,Hello,293
161,looks,292
162,question,291
163,A,291
164,change,290
165,seems,289
166,life,288
167,plug,288
168,monitor,287
169,vitamin,287
170,instead,286
171,tall,285
172,possible,284
173,run,284
174,years,283
175,wax,283
176,toilet,283
177,trimmer,282
178,stand,281
179,cane,280
180,anything,280
181,cleaning,280
182,hand,279
183,base,279
184,outside,278
185,problem,276
186,count,275
187,natural,275
188,green,274
189,thick,274
190,months,274
191,add,271
192,spray,269
193,going,269
194,table,268
195,adjustable,267
196,clear,267
197,flavor,266
198,country,265
199,walker,264
200,boxes,263
201,recommend,261
202,arm,261
203,working,260
204,shave,260
205,rate,260
206,calf,259
207,cuff,258
208,red,258
209,In,257
210,results,256
211,car,256
212,every,255
213,wash,254
214,taking,254
215,We,252
216,wheels,252
217,exactly,252
218,packs,251
219,pain,250
220,cream,248
221,expire,248
222,expiry,247
223,u,245
224,wrist,245
225,wall,245
226,store,244
227,content,244
228,bad,244
229,B,243
230,heart,243
231,seem,243
232,mix,243
233,extra,242
234,today,241
235,leave,241
236,source,240
237,toothbrush,238
238,chart,237
239,strong,237
240,manufactured,237
241,short,236
242,There,236
243,even,236
244,wood,236
245,times,235
246,mine,235
247,formula,235
248,info,235
249,pillow,234
250,sizing,234
251,metal,234
252,TRUE,232
253,tablet,232
254,sold,232
255,shoes,231
256,often,231
257,neck,230
258,longer,230
259,One,227
260,fold,227
261,less,227
262,For,225
263,food,225
264,single,224
265,lower,223
266,wont,222
267,cost,221
268,form,221
269,found,221
270,low,221
271,room,220
272,thing,220
273,amount,220
274,shown,219
275,website,219
276,cups,218
277,needs,217
278,adapter,217
279,buying,217
280,charging,217
281,since,216
282,ie,216
283,contains,216
284,flat,215
285,answer,215
286,month,213
287,system,213
288,IS,212
289,opening,210
290,Did,210
291,vitamins,209
292,effective,208
293,easily,208
294,cleaner,208
295,apply,208
296,belt,206
297,trying,206
298,wet,205
299,cup,205
300,sleep,205
301,didnt,204
302,drops,204
303,US,203
304,refrigerated,203
305,air,203
306,thank,203
307,fish,203
308,rubber,203
309,photo,202
310,calcium,202
311,compression,202
312,away,201
313,standard,201
314,supplement,200
315,vegan,200
316,milk,200
317,far,200
318,shelf,198
319,ear,198
320,diffuser,198
321,heavy,197
322,real,197
323,capacity,196
324,tight,196
325,massage,196
326,current,195
327,send,195
328,chest,195
329,sound,194
330,hours,194
331,lbs,194
332,daily,193
333,provide,192
334,reading,192
335,came,192
336,calories,192
337,running,192
338,men,190
339,vs,190
340,three,190
341,Id,190
342,women,188
343,information,187
344,added,187
345,Have,187
346,lost,186
347,isnt,186
348,Should,185
349,Just,185
350,close,184
351,whey,184
352,scoop,184
353,alarm,184
354,Its,184
355,states,183
356,line,183
357,smaller,182
358,goes,181
359,electric,181
360,fits,181
361,confused,181
362,iron,181
363,may,181
364,bar,181
365,They,180
366,worn,180
367,upper,180
368,stuff,179
369,whole,179
370,C,179
371,stick,179
372,wheelchair,178
373,D,178
374,similar,177
375,pounds,176
376,end,176
377,tip,176
378,caffeine,175
379,limit,175
380,measurement,175
381,magnesium,175
382,already,174
383,drink,174
384,measurements,173
385,try,173
386,receive,173
387,grams,173
388,travel,172
389,company,172
390,ankle,172
391,stains,172
392,needed,171
393,start,170
394,THE,170
395,cap,170
396,trouble,170
397,waist,169
398,shaving,169
399,steel,169
400,charged,169
401,arms,169
402,fat,169
403,roll,168
404,plugged,168
405,swallow,168
406,carpet,168
407,percentage,167
408,fabric,166
409,makes,166
410,ok,166
411,refill,166
412,adjust,166
413,others,166
414,piece,165
415,half,165
416,You,165
417,im,164
418,rechargeable,163
419,soap,163
420,husband,163
421,directly,163
422,HX,163
423,exact,162
424,glasses,162
425,pressure,162
426,range,162
427,recommended,162
428,attach,161
429,mask,161
430,foam,161
431,advance,161
432,womens,161
433,problems,161
434,acid,160
435,solution,160
436,button,160
437,sell,159
438,washing,159
439,cushion,159
440,tips,159
441,switch,159
442,items,158
443,either,158
444,together,157
445,woman,157
446,odor,157
447,wrong,156
448,level,156
449,ago,156
450,prevent,155
451,anywhere,155
452,paper,154
453,wheel,154
454,accurate,154
455,hearing,154
456,let,153
457,noise,153
458,heating,152
459,lift,152
460,loud,152
461,temperature,152
462,coffee,151
463,vegetarian,151
464,feel,151
465,washable,150
466,larger,150
467,ice,150
468,mouth,149
469,uses,149
470,home,148
471,completely,148
472,Not,147
473,latex,147
474,understand,147
475,dark,147
476,great,147
477,timer,146
478,colors,146
479,animal,146
480,stainless,146
481,extract,146
482,strength,145
483,Mine,145
484,supply,145
485,weeks,145
486,next,144
487,mens,144
488,opened,144
489,lb,144
490,rest,144
491,suitable,144
492,option,144
493,week,143
494,require,143
495,fully,142
496,sit,142
497,shake,142
498,determine,142
499,expensive,141
500,tube,141
501,live,141
502,pure,141
503,stop,141
504,replaced,140
505,lose,140
506,waterproof,140
507,amazon,140
508,noticed,139
509,blood,139
510,Vitamin,139
511,control,139
512,beard,139
513,No,138
514,maximum,138
515,Some,138
516,clothes,138
517,directions,138
518,ever,138
519,sock,137
520,cause,137
521,parts,137
522,love,137
523,bucket,137
524,older,137
525,least,137
526,state,137
527,review,137
528,minutes,136
529,wrap,135
530,difficult,135
531,bit,135
532,bars,135
533,caps,134
534,door,133
535,making,132
536,mattress,132
537,never,132
538,essential,132
539,meter,132
540,recently,132
541,son,132
542,move,132
543,manual,132
544,tile,131
545,site,131
546,IT,131
547,scent,130
548,silver,130
549,straws,130
550,specific,130
551,fine,130
552,GMO,129
553,band,129
554,warm,129
555,thin,129
556,sealed,128
557,alcohol,128
558,artificial,128
559,seal,128
560,gloves,128
561,based,128
562,shoulder,128
563,name,127
564,pump,127
565,tea,127
566,taken,127
567,confirm,127
568,always,126
569,several,126
570,man,126
571,lid,126
572,quality,126
573,lights,126
574,removed,126
575,bowl,125
576,dairy,125
577,due,125
578,ounces,125
579,loose,125
580,seen,125
581,flavors,125
582,computer,125
583,attached,125
584,lock,124
585,sitting,124
586,concerned,124
587,kids,123
588,pull,123
589,hose,123
590,dose,123
591,toe,123
592,handles,123
593,must,123
594,yet,122
595,brushes,122
596,bath,121
597,straight,121
598,hi,121
599,folded,121
600,tank,121
601,heard,121
602,dog,121
603,title,121
604,stock,121
605,S,121
606,lighter,121
607,whether,120
608,volts,119
609,ball,119
610,post,119
611,adult,119
612,issues,118
613,deep,118
614,individually,118
615,steam,118
616,THIS,118
617,active,118
618,removable,117
619,certified,117
620,non,117
621,ask,117
622,comfortable,117
623,mixed,117
624,almost,117
625,offer,117
626,display,116
627,separately,116
628,anybody,116
629,suggestions,116
630,dates,115
631,AA,115
632,changed,115
633,pictures,114
634,loss,114
635,NOT,114
636,sodium,114
637,usually,114
638,money,114
639,break,114
640,rid,114
641,On,113
642,surface,113
643,carry,113
644,clipper,113
645,eye,113
646,nothing,113
647,Am,113
648,fiber,113
649,ordering,112
650,compared,112
651,average,112
652,check,112
653,pictured,111
654,origin,111
655,But,111
656,laces,111
657,wearing,111
658,DHA,110
659,coming,110
660,pretty,110
661,nose,110
662,massager,110
663,carbs,110
664,selling,110
665,page,110
666,shut,110
667,guard,110
668,double,110
669,setting,109
670,yellow,109
671,pick,109
672,sides,109
673,corn,109
674,hands,109
675,detergent,109
676,experience,108
677,individual,108
678,hear,108
679,done,108
680,heel,108
681,wanted,108
682,data,107
683,answers,107
684,four,107
685,complete,107
686,notice,107
687,bathroom,107
688,w,106
689,Need,106
690,scooter,106
691,fill,106
692,cloth,106
693,pairs,105
694,thats,105
695,walking,105
696,sleeve,105
697,cheaper,105
698,means,105
699,swallowing,105
700,sounds,105
701,wrapped,105
702,FDA,105
703,pound,105
704,balls,105
705,pieces,105
706,house,105
707,sink,105
708,edge,105
709,choose,105
710,worth,104
711,morning,104
712,idea,104
713,fragrance,103
714,dishwasher,103
715,facial,103
716,fresh,103
717,distance,103
718,saw,103
719,manufacturer,103
720,baby,102
721,series,102
722,quantity,102
723,yes,101
724,chocolate,101
725,fast,101
726,expired,101
727,Free,101
728,listing,101
729,separate,101
730,L,101
731,kitchen,100
732,round,100
733,broken,100
734,Pro,100
735,daughter,100
736,max,100
737,push,100
738,thigh,99
739,braces,99
740,Plus,99
741,plus,99
742,things,99
743,approved,99
744,sensitive,99
745,frame,98
746,stain,98
747,bulb,98
748,figure,98
749,rests,98
750,lamp,98
751,entire,97
752,okay,97
753,mold,97
754,V,97
755,brown,97
756,return,97
757,tape,96
758,rather,96
759,sheet,96
760,sized,96
761,soon,96
762,muscle,96
763,derived,96
764,grade,96
765,Braun,95
766,DOES,95
767,tray,95
768,pen,95
769,holder,95
770,models,95
771,After,95
772,hole,95
773,age,95
774,laminate,94
775,BPA,94
776,+,94
777,step,94
778,told,94
779,lens,94
780,mention,94
781,Product,94
782,position,94
783,lead,94
784,exp,93
785,b,93
786,aid,93
787,eat,93
788,AC,93
789,Dr,93
790,drop,92
791,lotion,92
792,discreet,92
793,basket,92
794,point,92
795,calves,92
796,behind,92
797,copper,92
798,quickly,92
799,laundry,92
800,microwave,92
801,hardwood,92
802,solid,92
803,attachment,92
804,turned,91
805,contents,91
806,wonder,91
807,avoid,91
808,diet,91
809,dryer,91
810,outlet,91
811,refills,91
812,Wahl,91
813,boot,91
814,specifically,90
815,washed,90
816,might,90
817,velcro,90
818,Europe,90
819,cool,90
820,seller,90
821,second,90
822,ramp,90
823,thought,90
824,guarantee,90
825,trim,90
826,clippers,90
827,Panasonic,89
828,tubes,89
829,damage,89
830,storage,89
831,protect,89
832,apart,89
833,units,89
834,As,89
835,mentioned,89
836,dogs,88
837,amounts,88
838,volt,88
839,insert,88
840,ounce,88
841,currently,88
842,fix,87
843,tested,87
844,nutritional,87
845,code,87
846,allow,87
847,delivery,87
848,packages,87
849,WHAT,87
850,tooth,87
851,DO,87
852,jar,86
853,stored,86
854,female,86
855,child,86
856,finish,86
857,eyes,86
858,mom,86
859,reach,86
860,E,85
861,slide,85
862,automatically,85
863,numbers,85
864,polish,85
865,washer,85
866,hairs,85
867,HOW,85
868,recharge,85
869,thinking,85
870,lip,85
871,All,85
872,Since,85
873,placed,84
874,foil,84
875,levels,84
876,narrow,84
877,dual,84
878,That,84
879,M,84
880,thickness,84
881,explain,84
882,v,84
883,gets,84
884,pay,84
885,children,84
886,containers,84
887,stores,83
888,screw,83
889,app,83
890,colored,83
891,broke,83
892,fake,83
893,male,83
894,raw,83
895,called,83
896,sturdy,82
897,filter,82
898,pork,82
899,packaged,82
900,worked,82
901,screen,82
902,issue,82
903,mother,82
904,everything,82
905,settings,82
906,saying,81
907,These,81
908,Who,81
909,touch,81
910,speed,81
911,required,81
912,drain,81
913,contact,81
914,care,81
915,roller,81
916,comb,81
917,synthetic,81
918,attachments,80
919,sleeping,80
920,swelling,80
921,hurt,80
922,putting,80
923,particular,80
924,feature,80
925,Sonicare,80
926,F,80
927,andor,80
928,Oil,80
929,Like,80
930,circumference,79
931,past,79
932,ring,79
933,safety,79
934,XL,79
935,period,79
936,sent,79
937,function,79
938,space,79
939,Philips,79
940,health,79
941,smells,79
942,onto,79
943,online,79
944,warmer,79
945,supplements,79
946,couple,78
947,OK,78
948,necessary,78
949,kept,78
950,interested,78
951,paint,78
952,mAh,78
953,within,78
954,coated,78
955,strip,78
956,knees,78
957,main,78
958,image,77
959,smooth,77
960,ground,77
961,lenses,77
962,lids,77
963,adhesive,77
964,May,77
965,cycle,77
966,special,76
967,sheets,76
968,stevia,76
969,Ingredients,76
970,juice,76
971,matter,76
972,razors,76
973,versus,76
974,important,76
975,walk,76
976,salt,76
977,hello,76
978,track,76
979,kill,76
980,dosage,75
981,areas,75
982,orange,75
983,Gluten,75
984,removing,75
985,energy,75
986,Looking,75
987,Whey,75
988,HE,75
989,memory,75
990,Model,74
991,toes,74
992,workout,74
993,Help,74
994,vinyl,74
995,ml,74
996,load,74
997,sleeves,74
998,appropriate,74
999,pic,74
1000,c,74
1001,operated,73
1002,Made,73
1003,pole,73
1004,measures,73
1005,AND,73
1006,straps,73
1007,milligrams,73
1008,replaceable,73
1009,suppose,73
1010,measuring,73
1011,words,73
1012,safely,73
1013,Black,72
1014,shape,72
1015,finger,72
1016,firm,72
1017,dispenser,72
1018,AAA,72
1019,wipes,72
1020,though,72
1021,along,72
1022,certain,72
1023,dimension,71
1024,empty,71
1025,aids,71
1026,extended,71
1027,cordless,71
1028,flexible,71
1029,auto,71
1030,coconut,71
1031,mm,71
1032,holes,71
1033,sensor,71
1034,style,71
1035,advise,71
1036,overall,71
1037,process,70
1038,user,70
1039,middle,70
1040,dropper,70
1041,shakes,70
1042,curious,70
1043,reason,70
1044,CAN,70
1045,properly,70
1046,twice,70
1047,furniture,70
1048,besides,70
1049,effect,70
1050,cartridge,70
1051,vanilla,70
1052,rice,69
1053,Size,69
1054,arch,69
1055,missing,69
1056,however,69
1057,appears,69
1058,pink,69
1059,T,69
1060,software,69
1061,takes,69
1062,cat,69
1063,given,69
1064,Expiration,69
1065,connect,69
1066,portable,69
1067,septic,68
1068,recovery,68
1069,guide,68
1070,advertised,68
1071,dissolve,68
1072,carrier,68
1073,stated,68
1074,gallon,68
1075,adjusted,68
1076,guys,68
1077,fall,68
1078,K,68
1079,brands,68
1080,design,68
1081,increase,68
1082,worried,68
1083,applied,68
1084,urine,68
1085,stopped,68
1086,TV,68
1087,filters,68
1088,bacteria,68
1089,prescription,68
1090,especially,68
1091,From,68
1092,multiple,68
1093,stomach,67
1094,machines,67
1095,Now,67
1096,additional,67
1097,Ultra,67
1098,indicate,67
1099,dust,67
1100,perfume,67
1101,wait,67
1102,chemical,67
1103,cable,67
1104,freeze,67
1105,purpose,67
1106,elongated,67
1107,release,67
1108,Polar,67
1109,rinse,67
1110,proof,67
1111,readings,66
1112,reviewer,66
1113,including,66
1114,sort,66
1115,ears,66
1116,wears,66
1117,super,66
1118,covers,66
1119,ft,66
1120,plugs,66
1121,LED,66
1122,reduce,66
1123,gold,66
1124,card,66
1125,mini,66
1126,Pack,66
1127,spots,66
1128,mist,66
1129,purchasing,66
1130,Australia,66
1131,leak,66
1132,rust,65
1133,clock,65
1134,youre,65
1135,plates,65
1136,whitening,65
1137,bigger,65
1138,us,65
1139,mat,65
1140,rating,65
1141,X,65
1142,asked,65
1143,prefer,65
1144,plant,65
1145,hoping,65
1146,belly,65
1147,benefits,65
1148,differences,65
1149,aluminum,65
1150,softgels,65
1151,effects,64
1152,details,64
1153,chemicals,64
1154,sweeteners,64
1155,grout,64
1156,screws,64
1157,comments,64
1158,square,64
1159,rollers,64
1160,mgs,64
1161,cutting,64
1162,showing,63
1163,Many,63
1164,cholesterol,63
1165,positive,63
1166,ad,63
1167,rail,63
1168,weights,63
1169,bristles,63
1170,USB,63
1171,bleach,63
1172,sports,63
1173,iodine,63
1174,Organic,63
1175,customer,62
1176,confusing,62
1177,Large,62
1178,kosher,62
1179,silicone,62
1180,higher,62
1181,questions,62
1182,Norelco,62
1183,burn,62
1184,instruction,62
1185,counter,62
1186,clothing,62
1187,Cant,62
1188,Was,62
1189,shine,62
1190,select,62
1191,input,62
1192,cell,62
1193,Standard,62
1194,syringes,61
1195,trimming,61
1196,clip,61
1197,volume,61
1198,play,61
1199,near,61
1200,remote,61
1201,center,61
1202,considered,61
1203,measured,61
1204,potassium,61
1205,degrees,61
1206,started,61
1207,install,61
1208,ideas,61
1209,theyre,61
1210,combs,61
1211,doctor,61
1212,refrigerator,61
1213,Magnesium,61
1214,assembly,60
1215,syringe,60
1216,Canada,60
1217,fruit,60
1218,seeing,60
1219,marks,60
1220,Omega,60
1221,example,60
1222,wheat,60
1223,experienced,60
1224,print,60
1225,Anybody,60
1226,trays,60
1227,broom,60
1228,commode,60
1229,book,60
1230,minute,59
1231,leather,59
1232,elbow,59
1233,Power,59
1234,steps,59
1235,plan,59
1236,gift,59
1237,freezer,59
1238,helpful,59
1239,basketball,59
1240,Powder,59
1241,exercise,59
1242,automatic,59
1243,refrigeration,59
1244,temp,59
1245,packets,59
1246,reviewers,59
1247,quite,59
1248,hip,59
1249,Description,59
1250,sweetener,59
1251,asking,58
1252,filled,58
1253,Battery,58
1254,surgery,58
1255,eg,58
1256,EPA,58
1257,Thx,58
1258,bench,58
1259,stool,58
1260,theres,58
1261,arent,58
1262,pulse,58
1263,office,58
1264,With,58
1265,lines,58
1266,discontinued,58
1267,choice,57
1268,address,57
1269,To,57
1270,UK,57
1271,across,57
1272,nice,57
1273,swivel,57
1274,later,57
1275,spot,57
1276,sucralose,57
1277,blend,57
1278,depth,57
1279,lactose,57
1280,program,57
1281,pet,57
1282,believe,57
1283,bulk,57
1284,peroxide,57
1285,reusable,57
1286,gels,57
1287,Nutrition,57
1288,insoles,57
1289,closed,57
1290,stays,56
1291,chin,56
1292,swim,56
1293,TO,56
1294,deal,56
1295,hour,56
1296,affect,56
1297,value,56
1298,tests,56
1299,permanent,56
1300,slip,56
1301,logo,56
1302,ready,56
1303,delivered,56
1304,India,56
1305,dried,56
1306,solar,56
1307,stretch,56
1308,Q,56
1309,sourced,56
1310,indicates,55
1311,nuts,55
1312,Other,55
1313,shoulders,55
1314,gain,55
1315,leaves,55
1316,bend,55
1317,suction,55
1318,anymore,55
1319,rolls,55
1320,cotton,55
1321,marble,55
1322,hate,55
1323,doors,55
1324,meal,55
1325,zinc,55
1326,burned,55
1327,straw,55
1328,gives,55
1329,expect,55
1330,alone,55
1331,II,55
1332,lay,55
1333,plain,55
1334,assembled,55
1335,wool,55
1336,hang,54
1337,testing,54
1338,save,54
1339,bulbs,54
1340,cheap,54
1341,Seems,54
1342,press,54
1343,dilute,54
1344,Protein,54
1345,yeast,54
1346,New,54
1347,granite,54
1348,bands,54
1349,pro,54
1350,ultra,54
1351,chewable,54
1352,IN,54
1353,powered,54
1354,lancets,54
1355,tabs,54
1356,grown,54
1357,extend,53
1358,installed,53
1359,Calcium,53
1360,holds,53
1361,Japan,53
1362,smoke,53
1363,Dont,53
1364,mode,53
1365,probiotics,53
1366,rollator,53
1367,Your,53
1368,spring,53
1369,Medium,53
1370,pot,53
1371,disposable,53
1372,carrying,53
1373,wire,53
1374,conflicting,53
1375,block,53
1376,arrive,53
1377,fillers,53
1378,ARE,53
1379,Omron,52
1380,photos,52
1381,options,52
1382,clarify,52
1383,quiet,52
1384,relief,52
1385,pressed,52
1386,inserts,52
1387,transport,52
1388,somewhere,52
1389,hook,52
1390,took,52
1391,discrete,52
1392,appear,52
1393,specify,52
1394,H,52
1395,slightly,52
1396,newer,52
1397,stiff,52
1398,coating,52
1399,performance,52
1400,reply,52
1401,Clean,51
1402,wraps,51
1403,Oster,51
1404,tiny,51
1405,Series,51
1406,stearate,51
1407,grass,51
1408,sweet,51
1409,About,51
1410,designed,51
1411,everyone,51
1412,forward,51
1413,thermometer,51
1414,inactive,51
1415,tree,51
1416,raised,51
1417,outer,51
1418,USP,51
1419,ladies,51
1420,YOU,51
1421,oxygen,51
1422,windows,51
1423,operate,50
1424,call,50
1425,grow,50
1426,types,50
1427,vacuum,50
1428,meant,50
1429,Because,50
1430,cart,50
1431,boots,50
1432,lecithin,50
1433,suggest,50
1434,vibration,50
1435,glutenfree,50
1436,nutrients,50
1437,deodorant,50
1438,metals,50
1439,Garcinia,50
1440,Gelatin,50
1441,OR,49
1442,runs,49
1443,turns,49
1444,markings,49
1445,moisture,49
1446,FOR,49
1447,equal,49
1448,happens,49
1449,tear,49
1450,gone,49
1451,cm,49
1452,seeds,49
1453,mail,49
1454,medical,49
1455,digital,49
1456,sweetners,49
1457,includes,49
1458,lemon,49
1459,Someone,49
1460,bring,49
1461,labels,49
1462,tubing,49
1463,seed,49
1464,vibrate,49
1465,lowest,49
1466,claims,49
1467,HR,49
1468,distilled,49
1469,adjustment,49
1470,Gold,49
1471,wife,48
1472,job,48
1473,keeps,48
1474,heated,48
1475,walls,48
1476,usa,48
1477,previous,48
1478,authentic,48
1479,baking,48
1480,Germany,48
1481,training,48
1482,Small,48
1483,animals,48
1484,durable,48
1485,sometimes,47
1486,residue,47
1487,cards,47
1488,flooring,47
1489,purple,47
1490,iPhone,47
1491,fuel,47
1492,inner,47
1493,provided,47
1494,batch,47
1495,warning,47
1496,six,47
1497,board,47
1498,bunch,47
1499,advice,47
1500,toy,47
1501,iphone,47
1502,supports,47
1503,thumb,47
1504,sale,47
1505,via,47
1506,dress,47
1507,lifting,47
1508,went,47
1509,mercury,47
1510,friend,46
1511,patch,46
1512,spin,46
1513,Oz,46
1514,wedge,46
1515,swimming,46
1516,wouldnt,46
1517,root,46
1518,HCA,46
1519,fiberglass,46
1520,electricity,46
1521,hope,46
1522,dirt,46
1523,cartridges,46
1524,watts,46
1525,Weight,46
1526,Red,46
1527,drinking,46
1528,growth,46
1529,probiotic,46
1530,easier,46
1531,bulky,46
1532,processed,46
1533,tongue,46
1534,proper,46
1535,traveling,46
1536,splint,46
1537,differ,46
1538,stairs,46
1539,produced,46
1540,cats,46
1541,egg,46
1542,claim,46
1543,covered,46
1544,china,45
1545,plate,45
1546,ceramic,45
1547,ON,45
1548,allergic,45
1549,decide,45
1550,Two,45
1551,Drive,45
1552,minimum,45
1553,havent,45
1554,cast,45
1555,shirt,45
1556,garment,45
1557,indicator,45
1558,glue,45
1559,secure,45
1560,facts,45
1561,continuous,45
1562,create,45
1563,tool,45
1564,planning,45
1565,Optimum,45
1566,scratch,45
1567,yr,45
1568,couldnt,45
1569,application,45
1570,cloths,45
1571,deliver,45
1572,assuming,45
1573,Natural,45
1574,sweat,45
1575,dead,45
1576,holding,45
1577,charges,45
1578,portion,45
1579,Blue,45
1580,gotten,45
1581,med,44
1582,replacements,44
1583,WP,44
1584,platform,44
1585,mount,44
1586,brakes,44
1587,sticks,44
1588,assume,44
1589,maybe,44
1590,talking,44
1591,extension,44
1592,Stevia,44
1593,mounted,44
1594,gray,44
1595,therapy,44
1596,bone,44
1597,grip,44
1598,gas,44
1599,fluid,44
1600,White,44
1601,BP,44
1602,sets,44
1603,lace,44
1604,Ill,44
1605,epilator,44
1606,become,43
1607,lists,43
1608,highest,43
1609,suggested,43
1610,nonGMO,43
1611,guards,43
1612,Want,43
1613,thicker,43
1614,surfaces,43
1615,ingrediants,43
1616,weighs,43
1617,recliner,43
1618,link,43
1619,drug,43
1620,Dimensions,43
1621,comfortably,43
1622,citrus,43
1623,looked,43
1624,pocket,43
1625,concentrate,43
1626,tennis,43
1627,adaptor,43
1628,negative,43
1629,acrylic,43
1630,oral,43
1631,folding,43
1632,helps,43
1633,Andis,43
1634,falling,43
1635,course,43
1636,applying,43
1637,build,43
1638,Best,43
1639,produce,42
1640,e,42
1641,UV,42
1642,W,42
1643,huge,42
1644,pipe,42
1645,Most,42
1646,seconds,42
1647,giving,42
1648,na,42
1649,womans,42
1650,record,42
1651,drive,42
1652,Once,42
1653,packet,42
1654,cleanse,42
1655,Acid,42
1656,result,42
1657,existing,42
1658,treat,42
1659,everyday,42
1660,noisy,42
1661,Vit,42
1662,tie,42
1663,motor,42
1664,resistant,41
1665,basic,41
1666,wake,41
1667,alternative,41
1668,success,41
1669,ONE,41
1670,balance,41
1671,treatment,41
1672,users,41
1673,humidifier,41
1674,countries,41
1675,heal,41
1676,painted,41
1677,carb,41
1678,losing,41
1679,devices,41
1680,truly,41
1681,bright,41
1682,scar,41
1683,manufacture,41
1684,harm,41
1685,patient,41
1686,normally,41
1687,stove,41
1688,fingers,41
1689,stone,41
1690,rated,41
1691,brake,41
1692,lie,41
1693,WITH,41
1694,dad,41
1695,quick,41
1696,cleaned,41
1697,NO,40
1698,video,40
1699,overseas,40
1700,camera,40
1701,bluetooth,40
1702,Cambogia,40
1703,costs,40
1704,fire,40
1705,labeled,40
1706,window,40
1707,Oral,40
1708,overnight,40
1709,download,40
1710,folic,40
1711,suitcase,40
1712,prices,40
1713,removal,40
1714,packed,40
1715,message,40
1716,equivalent,40
1717,MSM,40
1718,Professional,40
1719,slippery,40
1720,creatine,40
1721,elderly,40
1722,He,40
1723,remover,40
1724,High,40
1725,wand,39
1726,padded,39
1727,OF,39
1728,protection,39
1729,invitation,39
1730,compact,39
1731,outdoor,39
1732,stuck,39
1733,sun,39
1734,Chocolate,39
1735,possibly,39
1736,tastes,39
1737,sync,39
1738,insulin,39
1739,Gel,39
1740,balm,39
1741,ratio,39
1742,rear,39
1743,bathtub,39
1744,rug,39
1745,Good,39
1746,correctly,39
1747,effectively,39
1748,wish,39
1749,effectiveness,39
1750,accommodate,39
1751,additives,39
1752,ends,39
1753,Monitor,39
1754,bikini,39
1755,materials,39
1756,sneaker,39
1757,wireless,39
1758,knows,39
1759,shipment,39
1760,scented,39
1761,mildew,39
1762,rough,39
1763,five,39
1764,genuine,39
1765,smallest,39
1766,patches,39
1767,Double,39
1768,trash,39
1769,fan,39
1770,moving,39
1771,printed,38
1772,dirty,38
1773,appreciate,38
1774,needles,38
1775,output,38
1776,international,38
1777,sponge,38
1778,crutches,38
1779,recent,38
1780,describe,38
1781,withV,38
1782,rub,38
1783,sticky,38
1784,mineral,38
1785,beep,38
1786,airplane,38
1787,transfer,38
1788,ink,38
1789,terms,38
1790,nutrition,38
1791,typically,38
1792,hips,38
1793,comparable,38
1794,climbing,38
1795,dentist,38
1796,Isnt,38
1797,sells,38
1798,frozen,38
1799,System,38
1800,rolling,38
1801,vegetable,38
1802,Wondering,38
1803,mark,38
1804,whiten,38
1805,ES,38
1806,Mop,38
1807,Date,38
1808,fridge,38
1809,depending,38
1810,spirulina,37
1811,prior,37
1812,pool,37
1813,wasnt,37
1814,liver,37
1815,needing,37
1816,couch,37
1817,nail,37
1818,g,37
1819,fairly,37
1820,soak,37
1821,addition,37
1822,wrists,37
1823,smoothie,37
1824,ceiling,37
1825,stable,37
1826,Super,37
1827,Trying,37
1828,fact,37
1829,held,37
1830,However,37
1831,teaspoon,37
1832,Life,37
1833,citrate,37
1834,customers,37
1835,cushions,37
1836,vit,37
1837,phones,37
1838,wider,37
1839,sticker,37
1840,omega,37
1841,At,37
1842,useful,37
1843,living,37
1844,peppermint,37
1845,pouch,37
1846,pants,37
1847,theoz,37
1848,service,36
1849,feeling,36
1850,lube,36
1851,rechargable,36
1852,self,36
1853,blender,36
1854,wrinkles,36
1855,production,36
1856,cans,36
1857,considering,36
1858,zero,36
1859,pillows,36
1860,liquids,36
1861,Our,36
1862,adding,36
1863,heels,36
1864,injury,36
1865,Green,36
1866,felt,36
1867,latest,36
1868,seats,36
1869,recipe,36
1870,loads,36
1871,tv,36
1872,bike,36
1873,happen,36
1874,reads,36
1875,tiles,36
1876,playing,36
1877,Kit,36
1878,nails,36
1879,Speed,36
1880,nasal,36
1881,waste,36
1882,Health,36
1883,corded,36
1884,concentration,36
1885,electrical,36
1886,share,36
1887,various,36
1888,lengths,36
1889,knot,36
1890,cooking,35
1891,Maybe,35
1892,pass,35
1893,diapers,35
1894,eneloop,35
1895,Back,35
1896,father,35
1897,American,35
1898,fixed,35
1899,applicator,35
1900,contained,35
1901,padding,35
1902,clay,35
1903,painful,35
1904,withv,35
1905,ASO,35
1906,R,35
1907,Gillette,35
1908,written,35
1909,except,35
1910,arrived,35
1911,Razor,35
1912,reuse,35
1913,Vanilla,35
1914,extremely,35
1915,multi,35
1916,dish,35
1917,moist,35
1918,HAVE,35
1919,angle,35
1920,wanting,35
1921,bandage,35
1922,burning,35
1923,plane,35
1924,trunk,35
1925,maintain,35
1926,washers,35
1927,difficulty,35
1928,built,35
1929,eliminate,35
1930,scalp,35
1931,FT,35
1932,arthritis,35
1933,Duracell,35
1934,Remington,34
1935,wants,34
1936,Care,34
1937,minerals,34
1938,Pure,34
1939,assemble,34
1940,defective,34
1941,toothbrushes,34
1942,wedding,34
1943,weather,34
1944,section,34
1945,concern,34
1946,grind,34
1947,shin,34
1948,thru,34
1949,totally,34
1950,Walker,34
1951,search,34
1952,compartment,34
1953,comment,34
1954,scratches,34
1955,returned,34
1956,uncomfortable,34
1957,Soy,34
1958,chairs,34
1959,verify,34
1960,Rechargeable,34
1961,checked,34
1962,Compression,34
1963,gym,34
1964,simply,34
1965,weak,34
1966,forearm,34
1967,widest,34
1968,butane,34
1969,scrub,34
1970,unscented,34
1971,scars,34
1972,stronger,34
1973,Medical,34
1974,write,34
1975,professional,34
1976,sources,34
1977,turning,34
1978,pregnant,34
1979,treated,34
1980,raise,34
1981,drinks,34
1982,percent,34
1983,lots,33
1984,dishes,33
1985,web,33
1986,approximately,33
1987,glucosamine,33
1988,Looks,33
1989,key,33
1990,foods,33
1991,fitting,33
1992,snoring,33
1993,tsp,33
1994,somebody,33
1995,waterpik,33
1996,tops,33
1997,winter,33
1998,bovine,33
1999,twin,33
2000,magnification,33
2001,porcelain,33
2002,standing,33
2003,Bona,33
2004,thx,33
2005,lighters,33
2006,sandals,33
2007,towels,33
2008,hydrogen,33
2009,meds,33
2010,allowed,33
2011,ive,33
2012,riser,33
2013,wipe,33
2014,collagen,33
2015,buttons,33
2016,chew,33
2017,neoprene,33
2018,fishy,33
2019,replacing,33
2020,jack,33
2021,happened,33
2022,rotate,33
2023,duster,33
2024,tires,33
2025,sprayer,33
2026,mild,33
2027,dial,33
2028,contacts,33
2029,oven,33
2030,driving,33
2031,scissors,33
2032,dye,33
2033,locked,32
2034,SIZE,32
2035,PC,32
2036,TENS,32
2037,strains,32
2038,spiruteen,32
2039,relieve,32
2040,breast,32
2041,access,32
2042,luggage,32
2043,toxic,32
2044,tommie,32
2045,potency,32
2046,beads,32
2047,Caloric,32
2048,king,32
2049,gauge,32
2050,chrome,32
2051,ac,32
2052,sense,32
2053,led,32
2054,mechanism,32
2055,email,32
2056,horrible,32
2057,billion,32
2058,offered,32
2059,needle,32
2060,retain,32
2061,glucose,32
2062,waxing,32
2063,facility,32
2064,continue,32
2065,OralB,32
2066,lithium,32
2067,throw,32
2068,family,32
2069,Body,32
2070,mint,32
2071,butter,32
2072,ML,32
2073,general,32
2074,caplets,32
2075,multivitamin,32
2076,match,32
2077,powerful,32
2078,finding,32
2079,present,32
2080,pour,32
2081,benefit,32
2082,chance,32
2083,lumbar,32
2084,onoff,32
2085,Eneloop,32
2086,wooden,31
2087,pulled,31
2088,edges,31
2089,connection,31
2090,l,31
2091,microfiber,31
2092,cabinets,31
2093,ankles,31
2094,party,31
2095,HELP,31
2096,calorie,31
2097,gave,31
2098,cases,31
2099,degree,31
2100,toddler,31
2101,largest,31
2102,usage,31
2103,paste,31
2104,manufacturers,31
2105,WhT,31
2106,serum,31
2107,mcg,31
2108,She,31
2109,lifetime,31
2110,none,31
2111,United,31
2112,States,31
2113,pregnancy,31
2114,mans,31
2115,mass,31
2116,palm,31
2117,posted,31
2118,specs,31
2119,wo,31
2120,wan,31
2121,cows,31
2122,Wax,31
2123,loop,31
2124,expires,31
2125,grab,31
2126,frames,31
2127,underneath,31
2128,term,31
2129,berry,31
2130,toilets,31
2131,squeeze,31
2132,acids,31
2133,salts,31
2134,continuously,31
2135,pls,31
2136,marked,31
2137,comparison,31
2138,eating,31
2139,converter,31
2140,thoughts,31
2141,cologne,31
2142,changes,31
2143,split,30
2144,causes,30
2145,scoops,30
2146,places,30
2147,min,30
2148,earplugs,30
2149,hookah,30
2150,station,30
2151,universal,30
2152,star,30
2153,sorry,30
2154,Velcro,30
2155,doses,30
2156,flip,30
2157,n,30
2158,breaks,30
2159,Shaver,30
2160,magnifier,30
2161,concrete,30
2162,Specifically,30
2163,Iron,30
2164,herbs,30
2165,unflavored,30
2166,voice,30
2167,protective,30
2168,sonic,30
2169,fell,30
2170,thighs,30
2171,beef,30
2172,breaking,30
2173,standardized,30
2174,Copper,30
2175,medicine,30
2176,generic,30
2177,awful,30
2178,substitute,30
2179,shaped,30
2180,summer,30
2181,diluted,30
2182,desk,30
2183,compartments,30
2184,typical,30
2185,ride,30
2186,connected,30
2187,answering,30
2188,sharp,30
2189,Count,30
2190,sofa,30
2191,pin,30
2192,laptop,30
2193,view,30
2194,blister,30
2195,afraid,30
2196,titanium,29
2197,Blood,29
2198,Of,29
2199,magnetic,29
2200,gum,29
2201,Original,29
2202,SM,29
2203,BE,29
2204,Trimmer,29
2205,Box,29
2206,elastic,29
2207,stabilize,29
2208,meaning,29
2209,wine,29
2210,keeping,29
2211,Picture,29
2212,Prime,29
2213,frequency,29
2214,Voltage,29
2215,infrared,29
2216,circulation,29
2217,referring,29
2218,workouts,29
2219,adults,29
2220,progesterone,29
2221,extracted,29
2222,fade,29
2223,cutter,29
2224,braun,29
2225,pre,29
2226,Silver,29
2227,rings,29
2228,treatments,29
2229,error,29
2230,nozzle,29
2231,bean,29
2232,trick,29
2233,dull,29
2234,walkers,29
2235,Support,29
2236,connector,29
2237,talk,29
2238,skinny,29
2239,swing,29
2240,pop,29
2241,spoon,29
2242,ingrown,29
2243,Doesnt,29
2244,market,29
2245,policy,29
2246,updated,29
2247,road,29
2248,snap,29
2249,clips,29
2250,absorption,29
2251,IU,29
2252,March,29
2253,Elite,29
2254,dentures,28
2255,NiMH,28
2256,garcinia,28
2257,detox,28
2258,approx,28
2259,appreciated,28
2260,sample,28
2261,knife,28
2262,starch,28
2263,gmo,28
2264,soda,28
2265,beside,28
2266,joint,28
2267,soccer,28
2268,local,28
2269,~,28
2270,lavender,28
2271,dental,28
2272,`,28
2273,sea,28
2274,clearly,28
2275,harvested,28
2276,thex,28
2277,sliding,28
2278,reset,28
2279,purity,28
2280,texture,28
2281,Tommie,28
2282,anyway,28
2283,upholstery,28
2284,acne,28
2285,answered,28
2286,accurately,28
2287,Only,28
2288,homemade,28
2289,filling,28
2290,denture,28
2291,bumps,28
2292,mmHg,28
2293,medication,28
2294,butt,28
2295,isolate,28
2296,noticeable,28
2297,crush,28
2298,herb,28
2299,drying,28
2300,Premium,28
2301,greens,28
2302,darker,28
2303,shorter,28
2304,Shipping,28
2305,Batteries,28
2306,fitted,28
2307,gums,28
2308,terrible,28
2309,pan,28
2310,muscles,28
2311,Go,28
2312,HI,28
2313,insole,28
2314,longest,28
2315,upright,28
2316,transmitter,28
2317,leaf,28
2318,opposite,27
2319,sand,27
2320,Fusion,27
2321,cuffs,27
2322,amino,27
2323,systems,27
2324,pulling,27
2325,tend,27
2326,combination,27
2327,experation,27
2328,Kosher,27
2329,Heart,27
2330,faster,27
2331,MANY,27
2332,flashing,27
2333,towel,27
2334,research,27
2335,leaving,27
2336,dollars,27
2337,vinegar,27
2338,TRUE,27
2339,damaging,27
2340,physical,27
2341,receiving,27
2342,click,27
2343,located,27
2344,candy,27
2345,starting,27
2346,petite,27
2347,late,27
2348,priced,27
2349,slipping,27
2350,ANY,27
2351,Light,27
2352,fee,27
2353,constantly,27
2354,sign,27
2355,internal,27
2356,shampoo,27
2357,stained,27
2358,recommendations,27
2359,headphones,27
2360,mid,27
2361,enteric,27
2362,almond,27
2363,hospital,27
2364,alarms,27
2365,bracelet,27
2366,brass,27
2367,plants,27
2368,tired,27
2369,feedback,27
2370,slow,27
2371,vials,27
2372,favorite,27
2373,method,27
2374,custom,27
2375,combine,27
2376,eventually,27
2377,ply,27
2378,WILL,27
2379,AT,27
2380,Phillips,27
2381,indoor,27
2382,cells,27
2383,starts,27
2384,soup,27
2385,DE,27
2386,Test,27
2387,detachable,27
2388,curved,27
2389,locking,27
2390,syrup,27
2391,waiting,27
2392,allergies,27
2393,GMOs,26
2394,MG,26
2395,Food,26
2396,perfect,26
2397,tone,26
2398,friendly,26
2399,underarms,26
2400,G,26
2401,Right,26
2402,Plastic,26
2403,micro,26
2404,smart,26
2405,leaking,26
2406,pkg,26
2407,PRODUCT,26
2408,knowing,26
2409,sterile,26
2410,wahl,26
2411,breakdown,26
2412,indicating,26
2413,sellers,26
2414,thes,26
2415,ticks,26
2416,cod,26
2417,flash,26
2418,towards,26
2419,sole,26
2420,absorb,26
2421,luck,26
2422,coat,26
2423,pens,26
2424,Toothbrush,26
2425,envelopes,26
2426,alot,26
2427,throughout,26
2428,k,26
2429,melt,26
2430,inserted,26
2431,guess,26
2432,Swiffer,26
2433,usual,26
2434,quit,26
2435,MSG,26
2436,orv,26
2437,film,26
2438,splash,26
2439,Thats,26
2440,finished,26
2441,expected,26
2442,healthy,26
2443,ALL,26
2444,HRM,26
2445,veggie,26
2446,Sonic,26
2447,First,26
2448,sprayed,26
2449,retainer,26
2450,repair,26
2451,rotator,26
2452,Sanyo,26
2453,circle,26
2454,raspberry,26
2455,Hair,26
2456,eyebrows,26
2457,loading,26
2458,armrests,26
2459,certification,26
2460,queen,26
2461,cracked,26
2462,versions,26
2463,cabinet,26
2464,calls,26
2465,hit,26
2466,lean,26
2467,cigarettes,25
2468,wires,25
2469,caused,25
2470,doorway,25
2471,yrs,25
2472,guy,25
2473,bugs,25
2474,N,25
2475,Invacare,25
2476,harness,25
2477,remain,25
2478,candle,25
2479,Formula,25
2480,Easy,25
2481,anti,25
2482,Maca,25
2483,bald,25
2484,de,25
2485,spa,25
2486,polar,25
2487,coverage,25
2488,described,25
2489,tilt,25
2490,according,25
2491,gross,25
2492,glove,25
2493,oily,25
2494,July,25
2495,wise,25
2496,shellfish,25
2497,nut,25
2498,detect,25
2499,rails,25
2500,aftershave,25
2501,THX,25
2502,Contour,25
2503,Phonak,25
2504,Android,25
2505,monitoring,25
2506,footrests,25
2507,softer,25
2508,ONLY,25
2509,sits,25
2510,covering,25
2511,Water,25
2512,lite,25
2513,yo,25
2514,maca,25
2515,beige,25
2516,orV,25
2517,common,25
2518,simple,25
2519,obvious,25
2520,III,25
2521,Question,25
2522,pans,25
2523,rose,25
2524,cigarette,25
2525,stubble,25
2526,posture,25
2527,bare,25
2528,improved,25
2529,mins,25
2530,lab,25
2531,refrigerate,25
2532,gender,25
2533,response,25
2534,masks,25
2535,Merkur,25
2536,factory,25
2537,motion,25
2538,canister,25
2539,menthol,25
2540,tap,25
2541,husbands,24
2542,MK,24
2543,concentrated,24
2544,sealer,24
2545,Fit,24
2546,dimentions,24
2547,Sodium,24
2548,electronic,24
2549,fluoride,24
2550,Cream,24
2551,faucet,24
2552,cambogia,24
2553,flashlight,24
2554,direction,24
2555,engraved,24
2556,flight,24
2557,floss,24
2558,NOW,24
2559,breath,24
2560,combined,24
2561,clearance,24
2562,garden,24
2563,laser,24
2564,dr,24
2565,mostly,24
2566,hx,24
2567,Capsules,24
2568,rigid,24
2569,paid,24
2570,USDA,24
2571,retail,24
2572,flow,24
2573,regarding,24
2574,fungus,24
2575,beards,24
2576,sore,24
2577,Spray,24
2578,yogurt,24
2579,armrest,24
2580,freezing,24
2581,uk,24
2582,mixing,24
2583,gummy,24
2584,cars,24
2585,severe,24
2586,immediately,24
2587,garlic,24
2588,cleaners,24
2589,stockings,24
2590,reverse,24
2591,Max,24
2592,pipes,24
2593,mixture,24
2594,manually,24
2595,limited,24
2596,focus,24
2597,tobacco,24
2598,known,24
2599,outdoors,24
2600,Air,24
2601,mainly,24
2602,sulfate,24
2603,zip,24
2604,Very,24
2605,recharged,24
2606,early,24
2607,isoz,24
2608,By,24
2609,shaves,24
2610,movement,24
2611,unless,24
2612,canes,23
2613,shirts,23
2614,vision,23
2615,odors,23
2616,compares,23
2617,separated,23
2618,usable,23
2619,equipment,23
2620,grill,23
2621,horizontal,23
2622,socket,23
2623,WHY,23
2624,trigger,23
2625,requires,23
2626,allergy,23
2627,mustache,23
2628,Centrum,23
2629,April,23
2630,lather,23
2631,lever,23
2632,portions,23
2633,lying,23
2634,ringer,23
2635,jars,23
2636,soluble,23
2637,parents,23
2638,tubs,23
2639,pics,23
2640,action,23
2641,EXP,23
2642,variety,23
2643,security,23
2644,permanently,23
2645,vibrating,23
2646,ex,23
2647,impossible,23
2648,ASIN,23
2649,companies,23
2650,ups,23
2651,grease,23
2652,points,23
2653,trimmers,23
2654,olive,23
2655,cancer,23
2656,sneakers,23
2657,peanut,23
2658,oval,23
2659,panel,23
2660,wattage,23
2661,Bought,23
2662,flavored,23
2663,changing,23
2664,CoQ,23
2665,fed,23
2666,compatable,23
2667,everywhere,23
2668,th,23
2669,zippo,23
2670,golf,23
2671,Both,23
2672,young,23
2673,xl,23
2674,lasts,23
2675,shiny,23
2676,starter,23
2677,frequently,23
2678,crystals,23
2679,kid,23
2680,writing,23
2681,facing,23
2682,USE,23
2683,orders,23
2684,Mac,23
2685,pepper,23
2686,major,23
2687,resistance,23
2688,calibration,23
2689,brings,23
2690,boat,23
2691,features,23
2692,india,23
2693,cycling,23
2694,Complete,23
2695,probably,23
2696,booklet,23
2697,CR,23
2698,decent,23
2699,manufactures,23
2700,Walmart,23
2701,Liquid,23
2702,yesterday,23
2703,liners,23
2704,Mom,23
2705,Day,23
2706,alkaline,23
2707,corners,23
2708,Lithium,23
2709,music,22
2710,internet,22
2711,U,22
2712,horse,22
2713,zipper,22
2714,shavers,22
2715,sonicare,22
2716,basis,22
2717,boy,22
2718,Magic,22
2719,periods,22
2720,school,22
2721,accessories,22
2722,restore,22
2723,GPS,22
2724,themg,22
2725,respond,22
2726,av,22
2727,hollow,22
2728,bc,22
2729,lint,22
2730,remember,22
2731,lady,22
2732,pushed,22
2733,guaranteed,22
2734,Tablets,22
2735,hr,22
2736,twist,22
2737,classic,22
2738,accidentally,22
2739,P,22
2740,glycerin,22
2741,spend,22
2742,programmed,22
2743,magnets,22
2744,serve,22
2745,complex,22
2746,cinnamon,22
2747,ten,22
2748,sticking,22
2749,disinfect,22
2750,pushing,22
2751,slides,22
2752,layer,22
2753,Sorry,22
2754,android,22
2755,oxide,22
2756,dildo,22
2757,unable,22
2758,Cleaner,22
2759,preservatives,22
2760,Were,22
2761,algae,22
2762,California,22
2763,rock,22
2764,Suunto,22
2765,VERY,22
2766,silk,22
2767,consuming,22
2768,Chinese,22
2769,cycles,22
2770,gummies,22
2771,Using,22
2772,gram,22
2773,basically,22
2774,stamped,22
2775,fuzz,22
2776,Garmin,22
2777,Soft,22
2778,meals,22
2779,odd,22
2780,clog,22
2781,Glass,22
2782,elite,22
2783,properties,22
2784,diaper,22
2785,Reviews,22
2786,external,22
2787,elemental,22
2788,coarse,22
2789,liner,22
2790,unopened,22
2791,EZ,22
2792,Ankle,22
2793,tin,22
2794,comfort,22
2795,stops,22
2796,DATE,22
2797,Complex,22
2798,rim,22
2799,apple,22
2800,Advanced,21
2801,brushing,21
2802,Ok,21
2803,outlets,21
2804,shaker,21
2805,exposed,21
2806,mites,21
2807,consistency,21
2808,controller,21
2809,personal,21
2810,interior,21
2811,Men,21
2812,pockets,21
2813,THANKS,21
2814,mentions,21
2815,eggs,21
2816,knock,21
2817,swiffer,21
2818,charcoal,21
2819,Pound,21
2820,Dual,21
2821,instance,21
2822,papers,21
2823,Biofreeze,21
2824,apartment,21
2825,traditional,21
2826,daughters,21
2827,Item,21
2828,kinds,21
2829,happy,21
2830,toothpaste,21
2831,fitbit,21
2832,sinks,21
2833,inflate,21
2834,spread,21
2835,Even,21
2836,chunks,21
2837,Hard,21
2838,reference,21
2839,Brush,21
2840,Exactly,21
2841,till,21
2842,Calories,21
2843,cuts,21
2844,diffusers,21
2845,nongmo,21
2846,kg,21
2847,seated,21
2848,aloe,21
2849,Steam,21
2850,visible,21
2851,mess,21
2852,improve,21
2853,dropped,21
2854,snug,21
2855,stones,21
2856,arrives,21
2857,Expiry,21
2858,sufficient,21
2859,cross,21
2860,lenght,21
2861,Strips,21
2862,softgel,21
2863,hinges,21
2864,owners,21
2865,jet,21
2866,contour,21
2867,NEED,21
2868,bother,21
2869,bentonite,21
2870,lasted,21
2871,gloss,21
2872,neti,21
2873,smoothies,21
2874,Waterpik,21
2875,nearly,21
2876,jewelry,21
2877,flashes,21
2878,discount,21
2879,annoying,21
2880,discharge,21
2881,THESE,21
2882,headrest,21
2883,Hugo,21
2884,Last,21
2885,combo,21
2886,Foods,21
2887,Zero,21
2888,diff,21
2889,manufacturing,21
2890,vegetarians,21
2891,Suggestions,21
2892,barely,21
2893,drill,21
2894,purposes,21
2895,Christmas,21
2896,valve,21
2897,familiar,21
2898,interchangeable,21
2899,upon,21
2900,humidity,21
2901,worry,21
2902,securely,21
2903,enzymes,21
2904,ammonia,21
2905,otoscope,21
2906,nylon,21
2907,methylcobalamin,21
2908,melatonin,21
2909,activate,21
2910,HQ,21
2911,crowns,20
2912,following,20
2913,verified,20
2914,identical,20
2915,chlorella,20
2916,RQ,20
2917,EMF,20
2918,Lower,20
2919,Mexico,20
2920,Price,20
2921,cradle,20
2922,Extra,20
2923,mobility,20
2924,thinner,20
2925,awhile,20
2926,Extract,20
2927,Therapy,20
2928,GMP,20
2929,port,20
2930,Energizer,20
2931,ax,20
2932,aV,20
2933,sex,20
2934,Rate,20
2935,buffered,20
2936,chromium,20
2937,Dose,20
2938,transformer,20
2939,herbal,20
2940,Stearate,20
2941,Aviva,20
2942,Fish,20
2943,repel,20
2944,Naturals,20
2945,taller,20
2946,springs,20
2947,string,20
2948,chewy,20
2949,holders,20
2950,shaft,20
2951,rugs,20
2952,bicep,20
2953,ships,20
2954,FREE,20
2955,grips,20
2956,damaged,20
2957,understanding,20
2958,Brazil,20
2959,refer,20
2960,fleece,20
2961,elsewhere,20
2962,gentle,20
2963,inF,20
2964,nasty,20
2965,knockoff,20
2966,BSN,20
2967,Country,20
2968,nano,20
2969,stem,20
2970,friends,20
2971,calculate,20
2972,although,20
2973,June,20
2974,Medline,20
2975,exterior,20
2976,krill,20
2977,pediatric,20
2978,copy,20
2979,trip,20
2980,halfway,20
2981,alb,20
2982,flex,20
2983,Label,20
2984,roof,20
2985,preservative,20
2986,laying,20
2987,Massager,20
2988,plans,20
2989,Charger,20
2990,tools,20
2991,tied,20
2992,garage,20
2993,word,20
2994,Source,20
2995,business,20
2996,Height,20
2997,AS,20
2998,vibrator,20
2999,composite,20
3000,Width,20
3001,text,20
3002,tough,20
3003,Galaxy,20
3004,Mens,20
3005,sons,20
3006,react,20
3007,Approximately,20
3008,Then,19
3009,nature,19
3010,ointment,19
3011,onv,19
3012,formulation,19
3013,Carb,19
3014,PT,19
3015,letters,19
3016,recipes,19
3017,tissue,19
3018,gun,19
3019,SO,19
3020,equate,19
3021,toward,19
3022,French,19
3023,Supplement,19
3024,calibrated,19
3025,Living,19
3026,lips,19
3027,crew,19
3028,sprays,19
3029,initial,19
3030,compound,19
3031,XU,19
3032,constant,19
3033,electrodes,19
3034,shutoff,19
3035,CPAP,19
3036,appetite,19
3037,Same,19
3038,Difference,19
3039,doorways,19
3040,unclear,19
3041,sensors,19
3042,moisturizer,19
3043,applications,19
3044,future,19
3045,enamel,19
3046,shuts,19
3047,accept,19
3048,bp,19
3049,naturally,19
3050,norelco,19
3051,tags,19
3052,Dried,19
3053,plated,19
3054,sweetened,19
3055,headgear,19
3056,maintenance,19
3057,energizer,19
3058,cardboard,19
3059,Floor,19
3060,Instructions,19
3061,rubbing,19
3062,lutein,19
3063,HEM,19
3064,private,19
3065,stroke,19
3066,Thermophore,19
3067,falls,19
3068,guides,19
3069,Respironics,19
3070,screens,19
3071,feed,19
3072,Confused,19
3073,diabetic,19
3074,enema,19
3075,suit,19
3076,forever,19
3077,independently,19
3078,recharging,19
3079,Daily,19
3080,aspirin,19
3081,canada,19
3082,component,19
3083,burner,19
3084,bamboo,19
3085,mirror,19
3086,oak,19
3087,Kids,19
3088,flame,19
3089,successfully,19
3090,Hong,19
3091,environment,19
3092,marathon,19
3093,Electric,19
3094,Besides,19
3095,Deluxe,19
3096,internally,19
3097,truck,19
3098,carrageenan,19
3099,Currently,19
3100,lumps,19
3101,Costco,19
3102,engraving,19
3103,Essential,19
3104,doterra,19
3105,definitely,19
3106,thelb,19
3107,Replacement,19
3108,ribbon,19
3109,ranges,19
3110,Core,19
3111,diamond,19
3112,rounded,19
3113,Womens,19
3114,bolts,19
3115,Kong,19
3116,blow,19
3117,theseXU,19
3118,tab,19
3119,closer,19
3120,LR,18
3121,folate,18
3122,treadmill,18
3123,headset,18
3124,printer,18
3125,NY,18
3126,OZ,18
3127,maker,18
3128,gallons,18
3129,FALSE,18
3130,iPad,18
3131,Regular,18
3132,oximeter,18
3133,interval,18
3134,countertops,18
3135,plugin,18
3136,scum,18
3137,Better,18
3138,filler,18
3139,lives,18
3140,obviously,18
3141,positions,18
3142,Arizona,18
3143,sleeper,18
3144,discreetly,18
3145,Head,18
3146,images,18
3147,showers,18
3148,glides,18
3149,Chair,18
3150,bridge,18
3151,rod,18
3152,Ultimate,18
3153,XXL,18
3154,polished,18
3155,wind,18
3156,vary,18
3157,studies,18
3158,carpets,18
3159,teaspoons,18
3160,scents,18
3161,recommends,18
3162,travelling,18
3163,owned,18
3164,ct,18
3165,Well,18
3166,Massage,18
3167,rain,18
3168,lubricant,18
3169,lighting,18
3170,ways,18
3171,processing,18
3172,ect,18
3173,earlier,18
3174,pee,18
3175,Universal,18
3176,softener,18
3177,containing,18
3178,flosser,18
3179,r,18
3180,pH,18
3181,radiation,18
3182,Med,18
3183,vertical,18
3184,Code,18
3185,magic,18
3186,slim,18
3187,silica,18
3188,exercises,18
3189,hrs,18
3190,Quick,18
3191,perform,18
3192,gauze,18
3193,asleep,18
3194,peas,18
3195,ismg,18
3196,estrogen,18
3197,America,18
3198,buckets,18
3199,tissues,18
3200,leaks,18
3201,Must,18
3202,underarm,18
3203,vaginal,18
3204,enter,18
3205,O,18
3206,account,18
3207,irregular,18
3208,cook,18
3209,Iodine,18
3210,faint,18
3211,Ina,18
3212,Full,18
3213,lancing,18
3214,suspicious,18
3215,sections,18
3216,Bayer,18
3217,Lavender,18
3218,spare,18
3219,mounting,18
3220,oyster,18
3221,Platinum,18
3222,hoses,18
3223,INGREDIENTS,18
3224,Rich,18
3225,sugars,18
3226,According,18
3227,useless,18
3228,Pls,18
3229,reek,18
3230,REALLY,18
3231,chondroitin,18
3232,approximate,18
3233,FIT,18
3234,checkout,18
3235,girl,18
3236,EXPIRATION,18
3237,consume,18
3238,Classic,18
3239,Long,18
3240,tighten,18
3241,audible,18
3242,Shaving,18
3243,Big,18
3244,Today,18
3245,boiling,18
3246,lining,18
3247,shouldnt,18
3248,reduction,18
3249,rip,18
3250,tag,18
3251,clogged,18
3252,DVD,18
3253,cpap,18
3254,olds,17
3255,refillable,17
3256,childs,17
3257,boost,17
3258,Clear,17
3259,operation,17
3260,worldwide,17
3261,flush,17
3262,forozozozoz,17
3263,grey,17
3264,convert,17
3265,buildup,17
3266,daysweek,17
3267,Methylcobalamin,17
3268,tens,17
3269,balloons,17
3270,Never,17
3271,reapply,17
3272,warrenty,17
3273,dyes,17
3274,direct,17
3275,supplies,17
3276,mug,17
3277,burns,17
3278,ability,17
3279,powdered,17
3280,disaster,17
3281,babies,17
3282,Strength,17
3283,veg,17
3284,hockey,17
3285,girth,17
3286,condition,17
3287,impact,17
3288,Young,17
3289,Multi,17
3290,spill,17
3291,official,17
3292,South,17
3293,upload,17
3294,sanitizer,17
3295,lanolin,17
3296,depends,17
3297,Mini,17
3298,died,17
3299,moved,17
3300,seperately,17
3301,magnet,17
3302,slash,17
3303,arches,17
3304,sweep,17
3305,isV,17
3306,picking,17
3307,tracker,17
3308,Relief,17
3309,Exp,17
3310,increments,17
3311,blank,17
3312,pc,17
3313,sucralosefree,17
3314,usb,17
3315,orderedoz,17
3316,fighting,17
3317,bending,17
3318,showed,17
3319,sm,17
3320,factor,17
3321,Hey,17
3322,toys,17
3323,stopper,17
3324,conditions,17
3325,rinsed,17
3326,strange,17
3327,bundle,17
3328,credit,17
3329,soybean,17
3330,folks,17
3331,pets,17
3332,Compact,17
3333,warehouse,17
3334,ruin,17
3335,gap,17
3336,f,17
3337,Pressure,17
3338,pedal,17
3339,curtain,17
3340,beer,17
3341,Hoover,17
3342,filtersieve,17
3343,Oreck,17
3344,snow,17
3345,foldable,17
3346,helping,17
3347,noninstant,17
3348,sponges,17
3349,player,17
3350,inhaler,17
3351,egoz,17
3352,locally,17
3353,PACK,17
3354,flakes,17
3355,europe,17
3356,transparent,17
3357,bedroom,17
3358,increased,17
3359,whisk,17
3360,buyers,17
3361,fusion,17
3362,intensity,17
3363,improvement,17
3364,Ad,17
3365,poles,17
3366,dioxide,17
3367,deck,17
3368,particles,17
3369,andis,17
3370,fly,17
3371,whites,17
3372,LONG,17
3373,flower,17
3374,responses,17
3375,lime,17
3376,loved,17
3377,helped,17
3378,ion,17
3379,handset,17
3380,unscrew,17
3381,jelly,17
3382,Hz,17
3383,onlyoz,17
3384,Touch,17
3385,generation,17
3386,African,17
3387,discomfort,17
3388,wild,17
3389,apack,16
3390,massaging,16
3391,Happy,16
3392,August,16
3393,technology,16
3394,intended,16
3395,barrel,16
3396,Ounce,16
3397,terminal,16
3398,riding,16
3399,tattoo,16
3400,bra,16
3401,indicated,16
3402,Type,16
3403,cooler,16
3404,update,16
3405,sending,16
3406,backup,16
3407,feels,16
3408,interfere,16
3409,speaker,16
3410,batterys,16
3411,Heat,16
3412,sweating,16
3413,lunch,16
3414,Container,16
3415,miles,16
3416,strain,16
3417,vertically,16
3418,draw,16
3419,coupon,16
3420,sterling,16
3421,Yes,16
3422,fructose,16
3423,yard,16
3424,staining,16
3425,forehead,16
3426,Natures,16
3427,mud,16
3428,ocean,16
3429,ensure,16
3430,binders,16
3431,orthotics,16
3432,loops,16
3433,polyester,16
3434,cake,16
3435,Length,16
3436,teak,16
3437,Lacer,16
3438,determined,16
3439,coded,16
3440,chloride,16
3441,drum,16
3442,CA,16
3443,study,16
3444,bpa,16
3445,ovulation,16
3446,xylitol,16
3447,id,16
3448,sunflower,16
3449,pine,16
3450,underwear,16
3451,pail,16
3452,Collagen,16
3453,mothers,16
3454,operating,16
3455,airport,16
3456,ALA,16
3457,eight,16
3458,loosen,16
3459,removeable,16
3460,advantage,16
3461,paying,16
3462,follow,16
3463,harmful,16
3464,speeds,16
3465,bio,16
3466,Sizing,16
3467,uneven,16
3468,Shark,16
3469,reliable,16
3470,UPS,16
3471,Washer,16
3472,shortest,16
3473,accuracy,16
3474,hardware,16
3475,therapeutic,16
3476,insertable,16
3477,saysmg,16
3478,emit,16
3479,Tried,16
3480,Cane,16
3481,Women,16
3482,reader,16
3483,footrest,16
3484,loader,16
3485,human,16
3486,Clipper,16
3487,germs,16
3488,Precision,16
3489,ran,16
3490,ketone,16
3491,Scooter,16
3492,hitch,16
3493,MUCH,16
3494,tweezers,16
3495,report,16
3496,offers,16
3497,Heavy,16
3498,bucks,16
3499,tables,16
3500,Safety,16
3501,pulses,16
3502,class,16
3503,belts,16
3504,nickel,16
3505,bitter,16
3506,mouthguard,16
3507,rolled,16
3508,ease,16
3509,note,16
3510,glycol,16
3511,itv,16
3512,produces,16
3513,cage,16
3514,static,16
3515,cellulose,16
3516,switched,16
3517,building,16
3518,reservoir,16
3519,watt,16
3520,AH,16
3521,lancet,16
3522,crushed,16
3523,honey,16
3524,bolt,16
3525,stretched,16
3526,hyaluronic,16
3527,terminals,16
3528,statement,16
3529,December,16
3530,USPS,16
3531,stream,16
3532,components,16
3533,suddenly,16
3534,scales,16
3535,practice,16
3536,chicken,16
3537,Fat,16
3538,tells,16
3539,carbohydrate,16
3540,Iphone,15
3541,Facts,15
3542,binder,15
3543,Device,15
3544,chain,15
3545,pouches,15
3546,absorbs,15
3547,tracking,15
3548,trips,15
3549,watches,15
3550,followed,15
3551,tester,15
3552,Foot,15
3553,spine,15
3554,sweaty,15
3555,realize,15
3556,carbohydrates,15
3557,exposure,15
3558,searched,15
3559,peel,15
3560,regularly,15
3561,Use,15
3562,hurts,15
3563,GNC,15
3564,poor,15
3565,burnt,15
3566,evening,15
3567,composition,15
3568,aftertaste,15
3569,TY,15
3570,wave,15
3571,biotin,15
3572,third,15
3573,probe,15
3574,Otherwise,15
3575,complaints,15
3576,Action,15
3577,Warranty,15
3578,fitness,15
3579,recall,15
3580,mouthwash,15
3581,foreign,15
3582,bristle,15
3583,Emjoi,15
3584,despite,15
3585,recommendation,15
3586,primary,15
3587,tanks,15
3588,costco,15
3589,shortened,15
3590,tarnish,15
3591,peach,15
3592,itll,15
3593,diminish,15
3594,recyclable,15
3595,lightweight,15
3596,postop,15
3597,causing,15
3598,warmers,15
3599,astaxanthin,15
3600,edition,15
3601,ASAP,15
3602,borderline,15
3603,aka,15
3604,graduated,15
3605,zone,15
3606,attaches,15
3607,Before,15
3608,heater,15
3609,THERE,15
3610,gt,15
3611,WORK,15
3612,lux,15
3613,fleas,15
3614,dies,15
3615,hexane,15
3616,growing,15
3617,pins,15
3618,Glucose,15
3619,spraying,15
3620,field,15
3621,tolerate,15
3622,Flex,15
3623,coloring,15
3624,slight,15
3625,protien,15
3626,breathe,15
3627,spout,15
3628,contamination,15
3629,ESS,15
3630,dining,15
3631,legal,15
3632,provides,15
3633,solvent,15
3634,Every,15
3635,upwards,15
3636,project,15
3637,smelled,15
3638,sq,15
3639,diffuse,15
3640,Wouldnt,15
3641,UPC,15
3642,cyanocobalamin,15
3643,soften,15
3644,highly,15
3645,European,15
3646,prescribed,15
3647,Zippo,15
3648,stamp,15
3649,ultrasonic,15
3650,tire,15
3651,Polish,15
3652,powders,15
3653,whose,15
3654,ware,15
3655,setup,15
3656,mah,15
3657,corner,15
3658,linoleum,15
3659,youve,15
3660,comparing,15
3661,Meaning,15
3662,doctors,15
3663,brushed,15
3664,amps,15
3665,Machine,15
3666,SOY,15
3667,molding,15
3668,vapor,15
3669,kelp,15
3670,reorder,15
3671,cooling,15
3672,circulationstopping,15
3673,activities,15
3674,Top,15
3675,Too,15
3676,panasonic,15
3677,modified,15
3678,consumption,15
3679,collar,15
3680,eligible,15
3681,hormone,15
3682,spinning,15
3683,spanish,15
3684,boyfriend,15
3685,Says,15
3686,consider,15
3687,FROM,15
3688,backing,15
3689,Bissell,15
3690,temps,15
3691,Waterproof,15
3692,mistake,15
3693,stink,15
3694,Latex,15
3695,Windows,15
3696,countertop,15
3697,liposomal,15
3698,peanuts,15
3699,miss,15
3700,grocery,15
3701,lit,15
3702,An,15
3703,group,15
3704,Vegan,15
3705,Vegetarian,15
3706,somewhat,15
3707,silly,15
3708,agent,15
3709,DC,15
3710,WHEY,15
3711,infant,15
3712,Nothing,15
3713,builtin,15
3714,otherwise,15
3715,Smart,15
3716,Garden,15
3717,philips,15
3718,rise,15
3719,Tens,15
3720,constipation,15
3721,reused,15
3722,GCA,15
3723,fabrics,15
3724,Syntha,15
3725,clicking,15
3726,invacare,15
3727,grain,15
3728,Ie,15
3729,styles,15
3730,allows,15
3731,Bluetooth,15
3732,itchy,15
3733,magnifying,15
3734,closet,15
3735,sick,15
3736,Blade,14
3737,beneficial,14
3738,fermented,14
3739,remedy,14
3740,emergency,14
3741,hormones,14
3742,Proglide,14
3743,blocking,14
3744,scrubber,14
3745,cylinder,14
3746,hassle,14
3747,gut,14
3748,chip,14
3749,Wet,14
3750,jeans,14
3751,Korea,14
3752,SI,14
3753,placing,14
3754,Nov,14
3755,jump,14
3756,Bottle,14
3757,Potassium,14
3758,ginger,14
3759,somehow,14
3760,FOS,14
3761,assist,14
3762,irrigator,14
3763,casein,14
3764,amplifier,14
3765,highs,14
3766,propylene,14
3767,detail,14
3768,rancid,14
3769,LARGE,14
3770,Travel,14
3771,electrolytes,14
3772,flap,14
3773,OFF,14
3774,shed,14
3775,suggests,14
3776,pubic,14
3777,substance,14
3778,Another,14
3779,omron,14
3780,weekly,14
3781,missed,14
3782,failed,14
3783,Cholesterol,14
3784,Under,14
3785,ingest,14
3786,textured,14
3787,studs,14
3788,curcumin,14
3789,candles,14
3790,haircut,14
3791,Asia,14
3792,Vinyl,14
3793,generally,14
3794,TSA,14
3795,Deep,14
3796,identify,14
3797,forV,14
3798,conjunction,14
3799,utilized,14
3800,fray,14
3801,pots,14
3802,postpartum,14
3803,ubiquinol,14
3804,wound,14
3805,Title,14
3806,requirement,14
3807,closure,14
3808,poly,14
3809,modes,14
3810,vial,14
3811,activity,14
3812,creme,14
3813,patients,14
3814,subscribe,14
3815,Tea,14
3816,refridgerated,14
3817,xlarge,14
3818,derivatives,14
3819,soaked,14
3820,activated,14
3821,city,14
3822,Fitbit,14
3823,tablespoon,14
3824,Sound,14
3825,ResMed,14
3826,alert,14
3827,storing,14
3828,seemed,14
3829,dispose,14
3830,cedar,14
3831,aware,14
3832,installation,14
3833,fallen,14
3834,berries,14
3835,equally,14
3836,recieved,14
3837,bona,14
3838,mind,14
3839,HOT,14
3840,camping,14
3841,adjustments,14
3842,Dry,14
3843,popup,14
3844,goods,14
3845,exchange,14
3846,Lite,14
3847,mats,14
3848,Comfort,14
3849,vegans,14
3850,beeps,14
3851,zoom,14
3852,kills,14
3853,reduced,14
3854,Citrate,14
3855,shell,14
3856,recline,14
3857,van,14
3858,absorbed,14
3859,tears,14
3860,scientific,14
3861,lap,14
3862,receiver,14
3863,speak,14
3864,Night,14
3865,shrink,14
3866,assistance,14
3867,aoz,14
3868,sweeper,14
3869,smartphone,14
3870,beyond,14
3871,heartbeat,14
3872,salad,14
3873,final,14
3874,England,14
3875,WHERE,14
3876,NonGMO,14
3877,sling,14
3878,accessory,14
3879,satisfied,14
3880,stupid,14
3881,granules,14
3882,pressing,14
3883,shark,14
3884,Chattanooga,14
3885,King,14
3886,subscription,14
3887,collection,14
3888,kits,14
3889,alive,14
3890,childrens,14
3891,Mobility,14
3892,HD,14
3893,caplet,14
3894,Dad,14
3895,tinted,14
3896,senior,14
3897,imported,14
3898,Seat,14
3899,flour,14
3900,apps,14
3901,Thinking,14
3902,hanging,13
3903,estimate,13
3904,chlorine,13
3905,MS,13
3906,REAL,13
3907,opposed,13
3908,laxative,13
3909,multivitamins,13
3910,steamer,13
3911,pivot,13
3912,bubble,13
3913,yoga,13
3914,USED,13
3915,tummy,13
3916,Marine,13
3917,Used,13
3918,hight,13
3919,sensitivity,13
3920,audio,13
3921,Multivitamin,13
3922,cashmere,13
3923,English,13
3924,chia,13
3925,EMS,13
3926,Jarrow,13
3927,anal,13
3928,advertising,13
3929,Hows,13
3930,TK,13
3931,bottoms,13
3932,likes,13
3933,UP,13
3934,previously,13
3935,likely,13
3936,among,13
3937,bandages,13
3938,backed,13
3939,sanitize,13
3940,packing,13
3941,profile,13
3942,Gainer,13
3943,rotating,13
3944,Carlson,13
3945,stimulants,13
3946,feathers,13
3947,gasseri,13
3948,heights,13
3949,cherry,13
3950,dinner,13
3951,fasten,13
3952,row,13
3953,Nova,13
3954,edible,13
3955,debating,13
3956,delicate,13
3957,cultures,13
3958,flax,13
3959,untied,13
3960,Spain,13
3961,seeming,13
3962,Australian,13
3963,military,13
3964,narrowest,13
3965,bowls,13
3966,dha,13
3967,birth,13
3968,degrade,13
3969,Products,13
3970,vacation,13
3971,act,13
3972,burgundy,13
3973,session,13
3974,signal,13
3975,sight,13
3976,primarily,13
3977,bent,13
3978,largeextra,13
3979,steep,13
3980,cc,13
3981,quarts,13
3982,counters,13
3983,forth,13
3984,Bone,13
3985,grape,13
3986,p,13
3987,Berry,13
3988,flint,13
3989,lactobacillus,13
3990,descriptions,13
3991,Shine,13
3992,Kirkland,13
3993,net,13
3994,soaking,13
3995,pollen,13
3996,paraben,13
3997,nerve,13
3998,cellulite,13
3999,personalized,13
4000,doll,13
4001,clamp,13
4002,pedometer,13
4003,significant,13
4004,secret,13
4005,names,13
4006,optional,13
4007,blinking,13
4008,legit,13
4009,weird,13
4010,weighted,13
4011,innards,13
4012,cords,13
4013,WAY,13
4014,bubbles,13
4015,reasons,13
4016,tension,13
4017,micrograms,13
4018,weighing,13
4019,member,13
4020,silicon,13
4021,recomend,13
4022,european,13
4023,sp,13
4024,hinged,13
4025,purse,13
4026,qualify,13
4027,rack,13
4028,Phone,13
4029,rocks,13
4030,Jagger,13
4031,Milk,13
4032,upgrade,13
4033,miracle,13
4034,lol,13
4035,Got,13
4036,Way,13
4037,damp,13
4038,circular,13
4039,slowly,13
4040,Glucosamine,13
4041,melted,13
4042,shop,13
4043,shot,13
4044,relative,13
4045,driver,13
4046,roughly,13
4047,distributed,13
4048,freshness,13
4049,BATTERIES,13
4050,ribbed,13
4051,vegetables,13
4052,Theres,13
4053,Metal,13
4054,radio,13
4055,solutions,13
4056,announce,13
4057,virgin,13
4058,persons,13
4059,wildland,13
4060,Liver,13
4061,adhere,13
4062,nights,13
4063,stating,13
4064,Timex,13
4065,diameters,13
4066,grinding,13
4067,counterfeit,13
4068,related,13
4069,boil,13
4070,demensions,13
4071,brought,13
4072,temperatures,13
4073,hammer,13
4074,butterfly,13
4075,slot,13
4076,mops,13
4077,Adapter,13
4078,aroma,13
4079,garbage,13
4080,Regarding,13
4081,opinion,13
4082,illegal,13
4083,Apple,13
4084,motorcycle,13
4085,Say,13
4086,retardant,13
4087,independent,13
4088,crystal,13
4089,Orange,13
4090,OneTouch,13
4091,begin,13
4092,biodegradable,13
4093,basement,13
4094,throwing,13
4095,whatever,13
4096,AM,13
4097,vehicle,13
4098,becomes,13
4099,lined,13
4100,efficiency,13
4101,BG,13
4102,scrubbing,13
4103,Hearing,13
4104,handed,13
4105,ketones,13
4106,protected,13
4107,disappointed,13
4108,List,13
4109,relation,13
4110,directed,13
4111,Details,13
4112,calibrate,13
4113,Grade,13
4114,loves,13
4115,rectangular,13
4116,Probiotic,13
4117,shooting,13
4118,relatively,13
4119,advanced,13
4120,beverages,13
4121,ID,13
4122,thread,13
4123,intervals,13
4124,thepack,13
4125,dandruff,13
4126,Volts,13
4127,knob,13
4128,gelatine,13
4129,junk,13
4130,CONTAIN,12
4131,Aloe,12
4132,Flosser,12
4133,tech,12
4134,conductive,12
4135,absolutely,12
4136,Mg,12
4137,straighten,12
4138,recycled,12
4139,Curcumin,12
4140,twisting,12
4141,salve,12
4142,jaw,12
4143,sinus,12
4144,PS,12
4145,PA,12
4146,CVS,12
4147,beds,12
4148,Jan,12
4149,poop,12
4150,accuchek,12
4151,meet,12
4152,citric,12
4153,TIA,12
4154,Up,12
4155,Chrome,12
4156,pasteurized,12
4157,durability,12
4158,tint,12
4159,Process,12
4160,afternoon,12
4161,freestyle,12
4162,lice,12
4163,tov,12
4164,grains,12
4165,Fast,12
4166,disease,12
4167,nebulizer,12
4168,Total,12
4169,drugs,12
4170,supplied,12
4171,pronation,12
4172,torch,12
4173,cement,12
4174,Slim,12
4175,perhaps,12
4176,Lancets,12
4177,airtight,12
4178,Sugar,12
4179,beeping,12
4180,Schick,12
4181,Thoughts,12
4182,slant,12
4183,imagine,12
4184,Labs,12
4185,Mach,12
4186,elevated,12
4187,squats,12
4188,bird,12
4189,footage,12
4190,ther,12
4191,background,12
4192,streaks,12
4193,Shiatsu,12
4194,wow,12
4195,crack,12
4196,metatarsal,12
4197,temporary,12
4198,distances,12
4199,phytoceramides,12
4200,Celsius,12
4201,Adjustable,12
4202,kick,12
4203,bear,12
4204,typo,12
4205,messages,12
4206,isv,12
4207,bottled,12
4208,Healthy,12
4209,crazy,12
4210,widths,12
4211,App,12
4212,dated,12
4213,deluxe,12
4214,EXACTLY,12
4215,recycling,12
4216,Loop,12
4217,eyebrow,12
4218,invitations,12
4219,Dec,12
4220,bug,12
4221,enjoy,12
4222,street,12
4223,gon,12
4224,sunglasses,12
4225,Cotten,12
4226,refund,12
4227,callus,12
4228,People,12
4229,Starkey,12
4230,Beard,12
4231,saturated,12
4232,regards,12
4233,gritty,12
4234,Hyaluronic,12
4235,Personal,12
4236,bite,12
4237,compress,12
4238,sites,12
4239,cramps,12
4240,maltodextrin,12
4241,pickup,12
4242,resting,12
4243,NEW,12
4244,Actual,12
4245,inv,12
4246,veggies,12
4247,beach,12
4248,Edge,12
4249,minus,12
4250,wt,12
4251,displayed,12
4252,forms,12
4253,smallmedium,12
4254,commercial,12
4255,perfectly,12
4256,France,12
4257,accomodate,12
4258,inaccurate,12
4259,wart,12
4260,meat,12
4261,mouse,12
4262,verses,12
4263,Alpha,12
4264,extensions,12
4265,glow,12
4266,spacing,12
4267,objects,12
4268,apparently,12
4269,controls,12
4270,polyurethane,12
4271,pattern,12
4272,ascorbic,12
4273,prone,12
4274,plenty,12
4275,Much,12
4276,carbonate,12
4277,duty,12
4278,unisex,12
4279,hasnt,12
4280,disc,12
4281,shade,12
4282,nicotine,12
4283,More,12
4284,kilograms,12
4285,Aid,12
4286,horizontally,12
4287,flea,12
4288,Next,12
4289,Active,12
4290,Old,12
4291,accident,12
4292,antiperspirant,12
4293,eucalyptus,12
4294,cushioned,12
4295,DIY,12
4296,Micro,12
4297,carryon,12
4298,Saw,12
4299,Home,12
4300,beeswax,12
4301,Digital,12
4302,TWO,12
4303,glide,12
4304,frankincense,12
4305,asap,12
4306,mega,12
4307,doTerra,12
4308,bonus,12
4309,Perfect,12
4310,purified,12
4311,offset,12
4312,connects,12
4313,anxiety,12
4314,elevating,12
4315,potential,12
4316,forks,12
4317,dip,12
4318,creamy,12
4319,armpits,12
4320,bites,12
4321,forget,12
4322,youth,12
4323,ages,12
4324,Hawaii,12
4325,entry,12
4326,sterilize,12
4327,dispensers,12
4328,carrot,12
4329,tan,12
4330,natto,12
4331,appearance,12
4332,ramps,12
4333,removes,12
4334,younger,12
4335,neighbors,12
4336,stands,12
4337,lighten,12
4338,Hitachi,12
4339,waxed,12
4340,stethoscope,12
4341,joints,12
4342,disabled,12
4343,stale,12
4344,noted,12
4345,doubled,12
4346,seam,12
4347,indeed,12
4348,THEY,12
4349,tar,12
4350,Really,12
4351,smelling,11
4352,ME,11
4353,specula,11
4354,originally,11
4355,quarter,11
4356,onV,11
4357,Yeast,11
4358,Guardian,11
4359,Had,11
4360,Results,11
4361,Works,11
4362,guessing,11
4363,PM,11
4364,gymnastics,11
4365,customs,11
4366,openings,11
4367,aml,11
4368,Ion,11
4369,stars,11
4370,Supplements,11
4371,sealing,11
4372,SP,11
4373,american,11
4374,dvd,11
4375,Non,11
4376,Guard,11
4377,achieve,11
4378,internationally,11
4379,Aluminum,11
4380,liked,11
4381,deeper,11
4382,parabens,11
4383,happening,11
4384,PVC,11
4385,capable,11
4386,toV,11
4387,XS,11
4388,EACH,11
4389,Thailand,11
4390,tendonitis,11
4391,supplier,11
4392,excellent,11
4393,upside,11
4394,grandmother,11
4395,gelcaps,11
4396,ppm,11
4397,sunlight,11
4398,Wrap,11
4399,nursing,11
4400,Wheat,11
4401,Samsung,11
4402,tks,11
4403,Master,11
4404,occasionally,11
4405,unrefined,11
4406,gps,11
4407,apnea,11
4408,PLEASE,11
4409,budge,11
4410,trimmed,11
4411,thus,11
4412,Sun,11
4413,carried,11
4414,polisher,11
4415,pumps,11
4416,heading,11
4417,collapse,11
4418,metallic,11
4419,carbon,11
4420,reducing,11
4421,tightly,11
4422,values,11
4423,Maximum,11
4424,canvas,11
4425,hca,11
4426,sideburns,11
4427,jets,11
4428,Rollator,11
4429,petroleum,11
4430,location,11
4431,flats,11
4432,co,11
4433,bearing,11
4434,quartz,11
4435,Watch,11
4436,Safe,11
4437,fruits,11
4438,helium,11
4439,moves,11
4440,fo,11
4441,kindly,11
4442,Crystal,11
4443,buzz,11
4444,flexibility,11
4445,abroad,11
4446,Their,11
4447,sizzle,11
4448,bee,11
4449,neither,11
4450,briefs,11
4451,backrest,11
4452,daytime,11
4453,burp,11
4454,chamber,11
4455,strawberry,11
4456,handheld,11
4457,lotions,11
4458,flossers,11
4459,crutch,11
4460,percentages,11
4461,reg,11
4462,vaccum,11
4463,mesh,11
4464,surround,11
4465,backward,11
4466,Seed,11
4467,msm,11
4468,Note,11
4469,Knee,11
4470,amber,11
4471,curve,11
4472,worse,11
4473,toxins,11
4474,handlebars,11
4475,Stomach,11
4476,ph,11
4477,Cod,11
4478,gradually,11
4479,readout,11
4480,pods,11
4481,Raspberry,11
4482,Three,11
4483,Certified,11
4484,baggage,11
4485,timers,11
4486,Stainless,11
4487,authorized,11
4488,enzyme,11
4489,potent,11
4490,ComPilot,11
4491,Fahrenheit,11
4492,keys,11
4493,groin,11
4494,Company,11
4495,bedding,11
4496,carton,11
4497,latter,11
4498,adequate,11
4499,prove,11
4500,quad,11
4501,sport,11
4502,orthotic,11
4503,cookies,11
4504,ofoz,11
4505,Order,11
4506,protector,11
4507,TMJ,11
4508,exercising,11
4509,remaining,11
4510,ozs,11
4511,remains,11
4512,goatee,11
4513,cranberry,11
4514,neutral,11
4515,powdery,11
4516,PRO,11
4517,flouride,11
4518,Into,11
4519,vibrates,11
4520,functions,11
4521,shift,11
4522,mag,11
4523,or+,11
4524,crib,11
4525,castor,11
4526,file,11
4527,calluses,11
4528,Ordered,11
4529,willing,11
4530,remington,11
4531,biggest,11
4532,badly,11
4533,trust,11
4534,Tanita,11
4535,ruined,11
4536,phosphate,11
4537,flying,11
4538,tendon,11
4539,pod,11
4540,Edwin,11
4541,promote,11
4542,Inc,11
4543,wondered,11
4544,fees,11
4545,soaps,11
4546,chelated,11
4547,Belt,11
4548,armpit,11
4549,Baby,11
4550,Oops,11
4551,backpack,11
4552,spider,11
4553,matte,11
4554,LOT,11
4555,Handle,11
4556,stress,11
4557,Walgreens,11
4558,pages,11
4559,prime,11
4560,mice,11
4561,Ear,11
4562,handling,11
4563,popcorn,11
4564,picks,11
4565,vibrations,11
4566,btw,11
4567,lanterns,11
4568,simultaneously,11
4569,Foil,11
4570,target,11
4571,sewn,11
4572,ill,11
4573,plantar,11
4574,sunscreen,11
4575,glutathione,11
4576,stickers,11
4577,event,11
4578,upset,11
4579,BC,11
4580,pm,11
4581,Sometimes,11
4582,voltages,11
4583,mailing,11
4584,threw,11
4585,smoker,11
4586,caffine,11
4587,pellets,11
4588,creams,11
4589,Pacific,11
4590,trace,11
4591,medial,11
4592,mod,11
4593,CHAIR,11
4594,headaches,11
4595,heavier,11
4596,united,11
4597,ipad,11
4598,chronic,11
4599,dangerous,11
4600,chargers,11
4601,SAD,11
4602,pops,11
4603,serious,11
4604,lighted,11
4605,Volt,11
4606,spoons,11
4607,telephone,11
4608,IF,11
4609,Dairy,11
4610,lack,11
4611,hemp,11
4612,appliances,11
4613,Seal,11
4614,headache,11
4615,stall,11
4616,dumb,11
4617,caller,11
4618,wished,11
4619,penis,11
4620,tax,11
4621,theth,11
4622,choices,11
4623,ski,11
4624,spilled,11
4625,Balm,11
4626,natures,10
4627,golden,10
4628,therefore,10
4629,Le,10
4630,silent,10
4631,urinate,10
4632,altogether,10
4633,variable,10
4634,tightened,10
4635,generator,10
4636,Read,10
4637,replied,10
4638,countainer,10
4639,tasting,10
4640,faded,10
4641,land,10
4642,wring,10
4643,PH,10
4644,Vicks,10
4645,newest,10
4646,deoderant,10
4647,dots,10
4648,AED,10
4649,optimum,10
4650,flatten,10
4651,Blast,10
4652,Chlorella,10
4653,Concerned,10
4654,monitors,10
4655,caught,10
4656,Package,10
4657,steady,10
4658,excess,10
4659,requiring,10
4660,fatty,10
4661,smiley,10
4662,fasciitis,10
4663,RAW,10
4664,bleaching,10
4665,timex,10
4666,timed,10
4667,limits,10
4668,controlled,10
4669,smoking,10
4670,neuropathy,10
4671,Folic,10
4672,Amino,10
4673,ceilings,10
4674,royal,10
4675,Arm,10
4676,uncoated,10
4677,advised,10
4678,frosting,10
4679,sqaut,10
4680,bedside,10
4681,fda,10
4682,blends,10
4683,cancelled,10
4684,threads,10
4685,HCG,10
4686,Spark,10
4687,cooked,10
4688,noises,10
4689,concerns,10
4690,comparisons,10
4691,glucometer,10
4692,weightlifting,10
4693,reclining,10
4694,stimulation,10
4695,BPAfree,10
4696,websites,10
4697,Sams,10
4698,CFUs,10
4699,genetically,10
4700,elevate,10
4701,GOOD,10
4702,skeptical,10
4703,allowing,10
4704,Based,10
4705,LCD,10
4706,excessive,10
4707,organizer,10
4708,extraction,10
4709,cooktop,10
4710,opinions,10
4711,uv,10
4712,gastric,10
4713,allergens,10
4714,Sounds,10
4715,Folding,10
4716,sided,10
4717,blocks,10
4718,lactate,10
4719,percussion,10
4720,cd,10
4721,cr,10
4722,Gunnar,10
4723,colour,10
4724,Orbiter,10
4725,Zealand,10
4726,Spirulina,10
4727,DHEA,10
4728,graph,10
4729,rubbery,10
4730,trial,10
4731,birds,10
4732,significantly,10
4733,ea,10
4734,quart,10
4735,Neck,10
4736,returnable,10
4737,prepare,10
4738,vera,10
4739,Creatine,10
4740,referred,10
4741,wetdry,10
4742,Vegetable,10
4743,deposits,10
4744,keyboard,10
4745,greasy,10
4746,stocking,10
4747,Amazoncom,10
4748,Rayovac,10
4749,forx,10
4750,antilactose,10
4751,touching,10
4752,chews,10
4753,Plant,10
4754,leaked,10
4755,insurance,10
4756,polishing,10
4757,MSDS,10
4758,saline,10
4759,itch,10
4760,beans,10
4761,dimmer,10
4762,Previous,10
4763,electronics,10
4764,Without,10
4765,sublingual,10
4766,instant,10
4767,baked,10
4768,disassembled,10
4769,Pet,10
4770,bees,10
4771,misleading,10
4772,pearls,10
4773,Such,10
4774,colloidal,10
4775,medicare,10
4776,Diameter,10
4777,Everyone,10
4778,scratching,10
4779,flies,10
4780,tends,10
4781,kinda,10
4782,females,10
4783,reversible,10
4784,flushable,10
4785,THAT,10
4786,drywall,10
4787,lawn,10
4788,Having,10
4789,molds,10
4790,sterate,10
4791,DESIGNER,10
4792,Doctors,10
4793,te,10
4794,millimeters,10
4795,pulls,10
4796,DoTerra,10
4797,register,10
4798,Cost,10
4799,race,10
4800,element,10
4801,truth,10
4802,irritation,10
4803,specifications,10
4804,resmed,10
4805,insulated,10
4806,Cleaning,10
4807,Left,10
4808,shelflife,10
4809,vent,10
4810,Fiber,10
4811,carpeted,10
4812,vomit,10
4813,Cleanse,10
4814,unpleasantly,10
4815,processes,10
4816,asian,10
4817,aging,10
4818,consumer,10
4819,subject,10
4820,arsenic,10
4821,filtered,10
4822,Peroxide,10
4823,sweaters,10
4824,suggestion,10
4825,triglyceride,10
4826,emailed,10
4827,Simply,10
4828,dome,10
4829,shakers,10
4830,returning,10
4831,suffer,10
4832,noticing,10
4833,pricing,10
4834,boys,10
4835,Case,10
4836,stud,10
4837,math,10
4838,aspartame,10
4839,WIll,10
4840,Sleep,10
4841,bicycle,10
4842,consistent,10
4843,Wheel,10
4844,licorice,10
4845,casters,10
4846,Still,10
4847,leads,10
4848,Stain,10
4849,science,10
4850,MADE,10
4851,released,10
4852,afterwards,10
4853,liter,10
4854,Diamond,10
4855,Homedics,10
4856,density,10
4857,Italy,10
4858,breastfeeding,10
4859,breathing,10
4860,badger,10
4861,student,10
4862,EMERGENC,10
4863,reported,10
4864,Basic,10
4865,Covers,10
4866,LOW,10
4867,yards,10
4868,yacon,10
4869,hubby,10
4870,mopping,10
4871,itV,10
4872,monthly,10
4873,fibers,10
4874,stack,10
4875,surprised,10
4876,spending,10
4877,involved,10
4878,athlete,10
4879,weaken,10
4880,ties,10
4881,abrasive,10
4882,Portable,10
4883,qty,10
4884,coils,10
4885,wore,10
4886,Eye,10
4887,flavoring,10
4888,cardio,10
4889,Rubbermaid,10
4890,traction,10
4891,Johnson,10
4892,dilution,10
4893,expand,10
4894,alpha,10
4895,hinge,10
4896,geranium,10
4897,nonslip,10
4898,Wheelchair,10
4899,Quattro,10
4900,began,10
4901,shes,10
4902,bolster,10
4903,brick,10
4904,devise,10
4905,chalky,10
4906,ANT+,10
4907,stepping,10
4908,finally,10
4909,die,10
4910,Creamy,10
4911,q,10
4912,EO,10
4913,Whitening,10
4914,eyeglasses,10
4915,pumice,10
4916,pesticides,10
4917,mower,10
4918,extreme,10
4919,cookware,10
4920,correspond,10
4921,laps,10
4922,gear,10
4923,routine,10
4924,progress,10
4925,claimed,10
4926,tighter,10
4927,Expire,10
4928,epoxy,10
4929,pik,10
4930,flange,10
4931,fireplace,10
4932,brother,10
4933,Data,10
4934,postage,10
4935,Raw,10
4936,polyethylene,10
4937,whos,10
4938,litter,10
4939,prop,10
4940,stitches,10
4941,category,10
4942,KG,10
4943,locate,10
4944,Lecithin,9
4945,chevron,9
4946,eyelids,9
4947,Watts,9
4948,arrays,9
4949,Shouldnt,9
4950,Scholls,9
4951,MY,9
4952,swollen,9
4953,Teeth,9
4954,situation,9
4955,flexcare,9
4956,corrected,9
4957,sprinkle,9
4958,roots,9
4959,symptoms,9
4960,everytime,9
4961,guarentee,9
4962,Cordless,9
4963,pencil,9
4964,placement,9
4965,greater,9
4966,ofV,9
4967,repeat,9
4968,reaches,9
4969,DMannose,9
4970,THanks,9
4971,Contains,9
4972,RV,9
4973,Skin,9
4974,advantages,9
4975,blink,9
4976,sores,9
4977,stair,9
4978,amm,9
4979,measurments,9
4980,Blades,9
4981,fountain,9
4982,warts,9
4983,Mr,9
4984,LEDs,9
4985,reviewed,9
4986,watered,9
4987,inflammation,9
4988,unmarked,9
4989,forgot,9
4990,January,9
4991,pimples,9
4992,jacket,9
4993,Vitality,9
4994,COME,9
4995,sudden,9
4996,extender,9
4997,HCL,9
4998,pcs,9
